bar_id,bar_pub_name,borough,building,address,zip,phone,latitude,longitude,score,grade,grade_dt,yelp_image_url,yelp_url,yelp_rating,yelp_price,day_0_hours_start,day_0_hours_end,day_1_hours_start,day_1_hours_end,day_2_hours_start,day_2_hours_end,day_3_hours_start,day_3_hours_end,day_4_hours_start,day_4_hours_end,day_5_hours_start,day_5_hours_end,day_6_hours_start,day_6_hours_end
bar_id,bar_pub_name,borough,building,address,zip,phone,latitude,longitude,score,grade,grade_dt,yelp_image_url,yelp_url,yelp_rating,yelp_price,day_0_hours_start,day_0_hours_end,day_1_hours_start,day_1_hours_end,day_2_hours_start,day_2_hours_end,day_3_hours_start,day_3_hours_end,day_4_hours_start,day_4_hours_end,day_5_hours_start,day_5_hours_end,day_6_hours_start,day_6_hours_end,rnk
41542713,ACCENT RESTAURANT & BAR,Manhattan,429,3 AVENUE,10016,9177508470,40.74310254,-73.98001807,13,A,2019-10-02,https://s3-media3.fl.yelpcdn.com/bphoto/yeMC-5m1MBmss6i-g-CbqA/o.jpg,https://www.yelp.com/biz/accent-restaurant-and-bar-new-york?adjust_creative=pX19ggnfgJJ4FZOQklOuNA&utm_campaign=yelp_api_v3&utm_medium=api_v3_business_lookup&utm_source=pX19ggnfgJJ4FZOQklOuNA,4.5,$$,1700,2200,1000,2200,1000,2200,1000,2245,1000,2300,1030,2300,1100,2200,1
50045850,"SONY HUB, COFFEE BAR",Manhattan,25,MADISON AVENUE,10010,2128337349,40.74203859,-73.98711679,7,A,2022-07-22,https://s3-media3.fl.yelpcdn.com/bphoto/pXEvi5p2CpqRZPj4S5ODnQ/o.jpg,https://www.yelp.com/biz/penny-house-cafe-brooklyn?adjust_creative=pX19ggnfgJJ4FZOQklOuNA&utm_campaign=yelp_api_v3&utm_medium=api_v3_business_lookup&utm_source=pX19ggnfgJJ4FZOQklOuNA,4.5,$,700,1800,700,1800,700,1800,700,1800,700,1800,700,1800,700,1800,1
50046087,REVLON BAR - BELMONT ROOM @ METROPOLITAN OPERA,Manhattan,NKA,LINCOLN CENTER PLAZA,10023,2127993400,40.77248852,-73.9837532,7,A,2018-11-07,https://s3-media4.fl.yelpcdn.com/bphoto/xMgNNfVLD9RmsTWXpBt20Q/o.jpg,https://www.yelp.com/biz/the-metropolitan-opera-new-york-2?adjust_creative=pX19ggnfgJJ4FZOQklOuNA&utm_campaign=yelp_api_v3&utm_medium=api_v3_business_lookup&utm_source=pX19ggnfgJJ4FZOQklOuNA,4.5,,1000,1800,1000,1800,1000,1800,1000,1800,1000,1800,,,,,1
41642375,HARLEM FOOD BAR,Manhattan,2100,FREDERICK DOUGLASS BOULEVARD,,2122229570,0.0,0.0,4,A,2019-10-17,https://s3-media3.fl.yelpcdn.com/bphoto/YSPywpIWCHg4rVSOS6mprA/o.jpg,https://www.yelp.com/biz/harlem-food-bar-new-york?adjust_creative=pX19ggnfgJJ4FZOQklOuNA&utm_campaign=yelp_api_v3&utm_medium=api_v3_business_lookup&utm_source=pX19ggnfgJJ4FZOQklOuNA,3.5,$$,,,1600,2100,1600,2100,1600,2100,1600,2200,1600,2200,1600,2100,1
50006769,Retro Grill & Bar (Holiday Inn),Manhattan,150,DELANCEY STREET,10002,2124752500,40.71796143,-73.98645769,8,A,2019-11-08,https://s3-media4.fl.yelpcdn.com/bphoto/CFOYn3mZ1PlEykK8Wn6eyA/o.jpg,https://www.yelp.com/biz/the-grill-new-york-4?adjust_creative=pX19ggnfgJJ4FZOQklOuNA&utm_campaign=yelp_api_v3&utm_medium=api_v3_business_lookup&utm_source=pX19ggnfgJJ4FZOQklOuNA,4.0,$$$$,1700,2300,1700,2300,1700,2300,1700,2300,1700,2300,1700,2300,,,1
50109016,HUTAOLI MUSIC RESTAURANT & BAR,Manhattan,42,WEST   33 STREET,10001,9172616989,40.74859856,-73.98706138,2,A,2022-01-27,https://s3-media1.fl.yelpcdn.com/bphoto/c9MR2ubOcC-Iq4_AI5lYqg/o.jpg,https://www.yelp.com/biz/hutaoli-music-restaurant-and-bar-new-york?adjust_creative=pX19ggnfgJJ4FZOQklOuNA&utm_campaign=yelp_api_v3&utm_medium=api_v3_business_lookup&utm_source=pX19ggnfgJJ4FZOQklOuNA,4.0,$$$,1100,200,1100,200,1100,200,1100,200,1100,200,1100,200,1100,200,1
50071926,PENNSY BAR,Manhattan,2,PENN PLAZA,10121,6468131818,40.75000977,-73.99134519,0,A,2019-12-24,https://s3-media4.fl.yelpcdn.com/bphoto/pcT-ikdZ65htGgwJQXbLCg/o.jpg,https://www.yelp.com/biz/food-gallery-32-new-york?adjust_creative=pX19ggnfgJJ4FZOQklOuNA&utm_campaign=yelp_api_v3&utm_medium=api_v3_business_lookup&utm_source=pX19ggnfgJJ4FZOQklOuNA,4.0,$$,1100,2300,1100,2300,1100,2300,1100,2300,1100,2300,1100,2300,1100,2300,1
41279614,BLUE RIBBON SUSHI BAR & GRILL,Manhattan,6,COLUMBUS CIRCLE,10019,2123970404,40.7675808,-73.98310819,13,A,2020-02-19,https://s3-media3.fl.yelpcdn.com/bphoto/eWPICkTWKj_vPF9CU1HfJw/o.jpg,https://www.yelp.com/biz/blue-ribbon-sushi-bar-and-grill-columbus-circle-new-york-3?adjust_creative=pX19ggnfgJJ4FZOQklOuNA&utm_campaign=yelp_api_v3&utm_medium=api_v3_business_lookup&utm_source=pX19ggnfgJJ4FZOQklOuNA,4.0,$$$,1200,2300,1200,2300,1200,2300,1200,2300,1200,0,1200,0,1200,2300,1
40383511,BRANDY'S PIANO BAR,Manhattan,235,EAST   84 STREET,10028,2127444949,40.77713558,-73.95406166,12,A,2022-03-10,https://s3-media2.fl.yelpcdn.com/bphoto/_nUnXtnweXSNycA8kKrqBw/o.jpg,https://www.yelp.com/biz/brandys-piano-bar-new-york?adjust_creative=pX19ggnfgJJ4FZOQklOuNA&utm_campaign=yelp_api_v3&utm_medium=api_v3_business_lookup&utm_source=pX19ggnfgJJ4FZOQklOuNA,3.5,$$,1600,400,1600,400,1600,400,1600,400,1600,400,1600,400,1600,400,1
40395079,RUDY'S BAR & Grill,Manhattan,627,9 AVENUE,10036,6467070890,40.75992935,-73.99154604,12,A,2019-03-29,https://s3-media2.fl.yelpcdn.com/bphoto/OC_T5oswfKsAxwN53fGScQ/o.jpg,https://www.yelp.com/biz/rudys-bar-and-grill-new-york?adjust_creative=pX19ggnfgJJ4FZOQklOuNA&utm_campaign=yelp_api_v3&utm_medium=api_v3_business_lookup&utm_source=pX19ggnfgJJ4FZOQklOuNA,4.0,$,1200,400,1200,400,1200,400,1200,400,1200,400,1200,400,1200,400,1
50060083,THE HUDSON BAR ROOM,Manhattan,444,10 AVENUE,10001,6469525980,40.75505496,-73.99878722,5,A,2019-06-06,https://s3-media1.fl.yelpcdn.com/bphoto/MeS5PBrXIZB1KxEEKnDJDw/o.jpg,https://www.yelp.com/biz/hudson-bar-room-new-york?adjust_creative=pX19ggnfgJJ4FZOQklOuNA&utm_campaign=yelp_api_v3&utm_medium=api_v3_business_lookup&utm_source=pX19ggnfgJJ4FZOQklOuNA,4.0,$$,800,2200,800,2200,800,2200,800,2200,800,2200,800,2200,800,2200,1
41171181,169 BAR,Manhattan,169,EAST BROADWAY,10002,9175772077,40.71407244,-73.9898132,26,Z,2022-07-27,https://s3-media3.fl.yelpcdn.com/bphoto/2Ms4f7JPTY0PqPjkqLi8_w/o.jpg,https://www.yelp.com/biz/169-bar-new-york-4?adjust_creative=pX19ggnfgJJ4FZOQklOuNA&utm_campaign=yelp_api_v3&utm_medium=api_v3_business_lookup&utm_source=pX19ggnfgJJ4FZOQklOuNA,3.5,$,1130,400,1130,400,1130,400,1130,400,1130,400,1130,400,1130,400,1
40367728,MIMIS RESTAURANT & BAR,Manhattan,984,SECOND AVENUE,10022,2126884692,40.7562169,-73.96752881,5,A,2021-09-01,https://s3-media2.fl.yelpcdn.com/bphoto/lrmAYYGcrQ2NoIPgbrnHHw/o.jpg,https://www.yelp.com/biz/mimis-italian-restaurant-and-piano-bar-new-york?adjust_creative=pX19ggnfgJJ4FZOQklOuNA&utm_campaign=yelp_api_v3&utm_medium=api_v3_business_lookup&utm_source=pX19ggnfgJJ4FZOQklOuNA,3.5,$$,1200,200,1200,200,1200,300,1200,300,1200,300,1300,300,1700,0,1
40401173,BIG BAR,Manhattan,73,EAST    7 STREET,10003,2127776969,40.72739248,-73.98672636,2,A,2021-09-07,https://s3-media3.fl.yelpcdn.com/bphoto/a2jzpOk5B8Y_GRR7zowLkQ/o.jpg,https://www.yelp.com/biz/big-bar-new-york?adjust_creative=pX19ggnfgJJ4FZOQklOuNA&utm_campaign=yelp_api_v3&utm_medium=api_v3_business_lookup&utm_source=pX19ggnfgJJ4FZOQklOuNA,4.0,$$,1700,200,1700,200,1700,200,1700,200,1700,400,1700,400,1700,200,1
50041799,310 BOWERY BAR,Manhattan,310,BOWERY,10012,2124771166,40.72479645,-73.9923731,7,A,2019-06-11,https://s3-media3.fl.yelpcdn.com/bphoto/eq-6aX3eFLZchfDlk8K78A/o.jpg,https://www.yelp.com/biz/310-bowery-bar-new-york?adjust_creative=pX19ggnfgJJ4FZOQklOuNA&utm_campaign=yelp_api_v3&utm_medium=api_v3_business_lookup&utm_source=pX19ggnfgJJ4FZOQklOuNA,3.5,$$,1500,200,1500,200,1500,200,1500,400,1500,400,1200,400,1200,200,1
41690473,ABC BEER CO.,Manhattan,96,AVENUE C,10009,6464227103,40.72375727,-73.97907866,7,A,2020-03-04,https://s3-media3.fl.yelpcdn.com/bphoto/BLdArCTtLlEpUkEueVDw2A/o.jpg,https://www.yelp.com/biz/alphabet-city-beer-company-new-york?adjust_creative=pX19ggnfgJJ4FZOQklOuNA&utm_campaign=yelp_api_v3&utm_medium=api_v3_business_lookup&utm_source=pX19ggnfgJJ4FZOQklOuNA,4.5,$$,1200,0,1200,0,1200,0,1200,0,1200,200,1200,200,1200,0,1
50065904,BARROW STREET ALE HOUSE,Manhattan,15,BARROW STREET,10014,2126910282,40.732622,-74.00269896,9,A,2021-08-24,https://s3-media3.fl.yelpcdn.com/bphoto/gfg0XjkhiQemj4nWt98psw/o.jpg,https://www.yelp.com/biz/barrow-street-ale-house-new-york?adjust_creative=pX19ggnfgJJ4FZOQklOuNA&utm_campaign=yelp_api_v3&utm_medium=api_v3_business_lookup&utm_source=pX19ggnfgJJ4FZOQklOuNA,3.0,$$,1100,1600,1100,1600,1100,1600,1100,1600,1100,1600,1100,1600,1100,1600,1
41250519,MILANO'S BAR,Manhattan,51,EAST HOUSTON STREET,10012,2122268844,40.72476912,-73.99444037,11,A,2019-10-08,https://s3-media1.fl.yelpcdn.com/bphoto/ibsE7himAyc-UqUtwEqPtA/o.jpg,https://www.yelp.com/biz/milanos-bar-new-york?adjust_creative=pX19ggnfgJJ4FZOQklOuNA&utm_campaign=yelp_api_v3&utm_medium=api_v3_business_lookup&utm_source=pX19ggnfgJJ4FZOQklOuNA,4.0,$,1000,400,1000,400,900,400,900,400,1000,400,900,1600,1200,400,1
41449587,CASK BAR & KITCHEN,Manhattan,167,EAST   33 STREET,10016,2123004924,40.74541902,-73.97945799,12,A,2019-09-19,https://s3-media2.fl.yelpcdn.com/bphoto/eZRKDZp7cskMvw9-5hP9Jw/o.jpg,https://www.yelp.com/biz/cask-new-york-2?adjust_creative=pX19ggnfgJJ4FZOQklOuNA&utm_campaign=yelp_api_v3&utm_medium=api_v3_business_lookup&utm_source=pX19ggnfgJJ4FZOQklOuNA,4.0,$$,1600,200,1600,200,1600,200,1500,300,1500,300,1000,300,1000,200,1
41573992,KAIA WINE BAR,Manhattan,1614,3 AVENUE,10128,2127220490,40.78174861,-73.95185943,12,A,2020-02-13,https://s3-media1.fl.yelpcdn.com/bphoto/J1OiyZpJI-EfMSxr3O341Q/o.jpg,https://www.yelp.com/biz/kaia-wine-bar-new-york?adjust_creative=pX19ggnfgJJ4FZOQklOuNA&utm_campaign=yelp_api_v3&utm_medium=api_v3_business_lookup&utm_source=pX19ggnfgJJ4FZOQklOuNA,4.0,$$,1600,2200,1600,2200,1600,2200,1600,2200,1600,2300,1300,2300,1200,2200,1
50067236,AMERICAN RETRO BAR & GRILL,Manhattan,714,11 AVENUE,10019,2122452203,40.76625344,-73.99433943,7,A,2021-09-03,https://s3-media1.fl.yelpcdn.com/bphoto/ETlDYJNSbZs0wiZirfZJ2g/o.jpg,https://www.yelp.com/biz/american-retro-new-york?adjust_creative=pX19ggnfgJJ4FZOQklOuNA&utm_campaign=yelp_api_v3&utm_medium=api_v3_business_lookup&utm_source=pX19ggnfgJJ4FZOQklOuNA,4.0,$$,1100,200,1100,200,1100,200,1100,200,1100,200,1200,400,1200,200,1
50102079,SEAMORE'S MARKET BAR @ URBANSPACE,Manhattan,152,WEST   52 STREET,10019,6464158652,40.76199773,-73.98156821,2,A,2022-07-27,https://s3-media3.fl.yelpcdn.com/bphoto/eMFzy4eZwnMjT6RrND6wKQ/o.jpg,https://www.yelp.com/biz/urbanspace-new-york-6?adjust_creative=pX19ggnfgJJ4FZOQklOuNA&utm_campaign=yelp_api_v3&utm_medium=api_v3_business_lookup&utm_source=pX19ggnfgJJ4FZOQklOuNA,4.0,$$,630,2000,630,2000,630,2000,630,2000,630,2000,700,1700,,,1
41582631,TINY'S AND THE BAR UPSTAIRS,Manhattan,135,WEST BROADWAY,10013,2123741137,40.71675149,-74.00823202,13,A,2020-03-09,https://s3-media3.fl.yelpcdn.com/bphoto/a7I-xnPhAP-R4GCpZkayOw/o.jpg,https://www.yelp.com/biz/tinys-and-the-bar-upstairs-new-york-2?adjust_creative=pX19ggnfgJJ4FZOQklOuNA&utm_campaign=yelp_api_v3&utm_medium=api_v3_business_lookup&utm_source=pX19ggnfgJJ4FZOQklOuNA,4.0,$$,1700,2200,1700,2200,1700,2230,1700,2230,1700,2300,1700,2300,1000,1600,1
50065446,POKE BAR,Manhattan,1333,BROADWAY,10018,2122444320,40.7508219,-73.98776113,13,A,2020-02-18,https://s3-media3.fl.yelpcdn.com/bphoto/44EVpJDu2kX5eezHcfiBpw/o.jpg,https://www.yelp.com/biz/pok%C3%A9-bar-new-york-4?adjust_creative=pX19ggnfgJJ4FZOQklOuNA&utm_campaign=yelp_api_v3&utm_medium=api_v3_business_lookup&utm_source=pX19ggnfgJJ4FZOQklOuNA,4.0,$$,1100,2000,1100,2000,1100,2000,1100,2000,1100,2030,1130,2030,1130,1900,1
40365968,NANCY WHISKEY PUB,Manhattan,1,LISPENARD STREET,10013,2122269943,40.72053946,-74.00501092,9,A,2019-05-18,https://s3-media2.fl.yelpcdn.com/bphoto/R-q36lQVo-_wsNb_YJXWCQ/o.jpg,https://www.yelp.com/biz/nancy-whiskey-pub-new-york?adjust_creative=pX19ggnfgJJ4FZOQklOuNA&utm_campaign=yelp_api_v3&utm_medium=api_v3_business_lookup&utm_source=pX19ggnfgJJ4FZOQklOuNA,4.0,$,1100,400,1100,400,1100,400,1100,400,1100,400,1100,400,1200,400,1
50045177,ANNIE MOORES PUB & RESTAURANT,Manhattan,22,EAST   41 STREET,10017,2129867826,40.75233596,-73.98027516,13,A,2022-04-11,https://s3-media2.fl.yelpcdn.com/bphoto/YukwsMfyQcRgxJlBcSifAg/o.jpg,https://www.yelp.com/biz/annie-moores-bar-and-restaurant-new-york-2?adjust_creative=pX19ggnfgJJ4FZOQklOuNA&utm_campaign=yelp_api_v3&utm_medium=api_v3_business_lookup&utm_source=pX19ggnfgJJ4FZOQklOuNA,3.5,$$,1100,2000,1100,2000,1100,2000,1100,2000,1100,2000,,,,,1
50055374,FLORA BAR,Manhattan,945,MADISON AVENUE,10021,6317038780,40.77345024,-73.96419876,9,A,2020-01-07,https://s3-media2.fl.yelpcdn.com/bphoto/IJrrd5I4e9mSmpUbBB5WKg/o.jpg,https://www.yelp.com/biz/casa-de-flora-bar-bloomfield?adjust_creative=pX19ggnfgJJ4FZOQklOuNA&utm_campaign=yelp_api_v3&utm_medium=api_v3_business_lookup&utm_source=pX19ggnfgJJ4FZOQklOuNA,5.0,,700,1800,700,1800,700,1800,700,2200,700,2200,700,2200,900,1800,1
50071553,NEW LIFE JUICE BAR & LOUNGE,Manhattan,67,SAINT NICHOLAS AVENUE,10026,6466923600,40.8010692,-73.9525389,11,A,2020-02-11,https://s3-media4.fl.yelpcdn.com/bphoto/jxBH7wGHBIRgnAA1arWSfQ/o.jpg,https://www.yelp.com/biz/new-life-juice-bar-and-lounge-new-york?adjust_creative=pX19ggnfgJJ4FZOQklOuNA&utm_campaign=yelp_api_v3&utm_medium=api_v3_business_lookup&utm_source=pX19ggnfgJJ4FZOQklOuNA,5.0,,700,2100,700,2100,700,2100,700,2100,700,2100,700,2100,700,1600,1
50099890,MILK BAR,Manhattan,1186,BROADWAY,10001,8653350037,40.74560145,-73.98866072,9,A,2022-05-10,https://s3-media3.fl.yelpcdn.com/bphoto/9OTH_QJTXK0LVuW9vJ5h3Q/o.jpg,https://www.yelp.com/biz/milk-bar-new-york-11?adjust_creative=pX19ggnfgJJ4FZOQklOuNA&utm_campaign=yelp_api_v3&utm_medium=api_v3_business_lookup&utm_source=pX19ggnfgJJ4FZOQklOuNA,3.5,$$,900,100,900,100,900,100,900,100,900,100,900,100,900,100,1
40703739,JOSIE WOOD'S PUB,Manhattan,11,WAVERLY PLACE,10003,2122289909,40.73003357,-73.99417293,12,A,2022-01-13,https://s3-media3.fl.yelpcdn.com/bphoto/c3vNN7mJsOW3HcDZWt0AvQ/o.jpg,https://www.yelp.com/biz/josie-woods-pub-new-york-2?adjust_creative=pX19ggnfgJJ4FZOQklOuNA&utm_campaign=yelp_api_v3&utm_medium=api_v3_business_lookup&utm_source=pX19ggnfgJJ4FZOQklOuNA,3.5,$$,1500,200,1500,200,1500,200,1130,200,1130,400,1500,400,1500,0,1
40731158,FISH BAR,Manhattan,237,EAST    5 STREET,10003,6463190293,40.72732696,-73.99028381,12,A,2022-07-20,https://s3-media3.fl.yelpcdn.com/bphoto/ZImTVhhW1ZJVWeq3UyjdNg/o.jpg,https://www.yelp.com/biz/fish-bar-new-york?adjust_creative=pX19ggnfgJJ4FZOQklOuNA&utm_campaign=yelp_api_v3&utm_medium=api_v3_business_lookup&utm_source=pX19ggnfgJJ4FZOQklOuNA,4.0,$,1700,400,1700,400,1700,400,1600,400,1600,400,1600,400,1700,400,1
50078022,TERRAVITA BAR & KITCHEN,Manhattan,4193,BROADWAY,10033,6463704371,40.84810703,-73.93780857,7,A,2019-06-07,https://s3-media4.fl.yelpcdn.com/bphoto/IjC02spyoaYbcUSmDWkQ6g/o.jpg,https://www.yelp.com/biz/terravita-new-york-3?adjust_creative=pX19ggnfgJJ4FZOQklOuNA&utm_campaign=yelp_api_v3&utm_medium=api_v3_business_lookup&utm_source=pX19ggnfgJJ4FZOQklOuNA,4.5,$$,1000,2200,1000,2200,1000,2200,1000,2300,1000,2300,1100,2300,1100,2200,1
50117654,LANDSHARK BAR & GRILL,Manhattan,560,7 AVENUE,10018,2122213007,40.75484023,-73.98783258,3,A,2022-06-23,https://s3-media2.fl.yelpcdn.com/bphoto/gp3dk9uMaqmnPaxtWSwVHw/o.jpg,https://www.yelp.com/biz/landshark-bar-and-grill-times-square-new-york-4?adjust_creative=pX19ggnfgJJ4FZOQklOuNA&utm_campaign=yelp_api_v3&utm_medium=api_v3_business_lookup&utm_source=pX19ggnfgJJ4FZOQklOuNA,4.0,,1100,2200,1100,2200,1100,2200,1100,2200,1100,2200,1100,2200,1100,2200,1
50074238,LA CASA DEL MOFONGO AND PIANO BAR,Manhattan,546,WEST  207 STREET,10034,2125448888,40.86597254,-73.92012286,12,A,2019-12-03,https://s3-media2.fl.yelpcdn.com/bphoto/b1o9sM24Dczyn2eQ8GWe4g/o.jpg,https://www.yelp.com/biz/la-casa-del-mofongo-new-york-5?adjust_creative=pX19ggnfgJJ4FZOQklOuNA&utm_campaign=yelp_api_v3&utm_medium=api_v3_business_lookup&utm_source=pX19ggnfgJJ4FZOQklOuNA,2.0,,,,,,,,,,,,,,,,1
40528180,"BOBBY VAN'S , LEA WINE BAR",Manhattan,230,PARK AVENUE,10169,2128675490,40.75450075,-73.97595043,13,A,2019-11-08,https://s3-media1.fl.yelpcdn.com/bphoto/W7AKgNjj-HwRngn3JBI6-Q/o.jpg,https://www.yelp.com/biz/wolfgangs-steakhouse-new-york-4?adjust_creative=pX19ggnfgJJ4FZOQklOuNA&utm_campaign=yelp_api_v3&utm_medium=api_v3_business_lookup&utm_source=pX19ggnfgJJ4FZOQklOuNA,4.0,$$$,1200,2200,1200,2200,1200,2200,1200,2200,1200,2200,1200,2200,1200,2200,1
41188824,MAX BRENNER CHOCOLATE BAR,Manhattan,841,BROADWAY,10003,6464678803,40.73423559,-73.99089621,0,A,2022-01-26,https://s3-media1.fl.yelpcdn.com/bphoto/qRGW1TP5uRNWdwxqllJ42w/o.jpg,https://www.yelp.com/biz/max-brenner-new-york-new-york-2?adjust_creative=pX19ggnfgJJ4FZOQklOuNA&utm_campaign=yelp_api_v3&utm_medium=api_v3_business_lookup&utm_source=pX19ggnfgJJ4FZOQklOuNA,3.5,$$,1200,2300,1200,2300,1200,2300,1200,0,1000,0,1000,0,1000,2300,1
41037118,PARAMOUNT BAR & GRILL,Manhattan,235,WEST   46 STREET,10036,2128274116,40.75912464,-73.98634822,18,B,2019-08-01,https://s3-media1.fl.yelpcdn.com/bphoto/R7u45xdCK8qShQDHGod6eg/o.jpg,https://www.yelp.com/biz/bravest-new-york?adjust_creative=pX19ggnfgJJ4FZOQklOuNA&utm_campaign=yelp_api_v3&utm_medium=api_v3_business_lookup&utm_source=pX19ggnfgJJ4FZOQklOuNA,4.0,$$,1700,100,1200,100,1200,100,1200,200,1200,300,1200,300,1200,100,1
50091939,"SPANISH DINER, CHURROS, BAR MANOLO",Manhattan,501,WEST   30 STREET,10001,6464951242,40.75213179,-74.00114775,12,A,2022-06-10,https://s3-media4.fl.yelpcdn.com/bphoto/Y04odfwTGpf_Wm284gBBbA/o.jpg,https://www.yelp.com/biz/mercado-little-spain-new-york?adjust_creative=pX19ggnfgJJ4FZOQklOuNA&utm_campaign=yelp_api_v3&utm_medium=api_v3_business_lookup&utm_source=pX19ggnfgJJ4FZOQklOuNA,3.5,$$,1100,2100,1100,2100,1100,2100,1100,2100,1100,2100,1100,2100,1100,2100,1
40368338,BRADY'S BAR,Manhattan,1583,2 AVENUE,10028,2128616070,40.77543362,-73.95353209,13,A,2019-12-19,https://s3-media1.fl.yelpcdn.com/bphoto/o6FPsYLrCkUSh7Ew2rDj-Q/o.jpg,https://www.yelp.com/biz/bradys-bar-new-york?adjust_creative=pX19ggnfgJJ4FZOQklOuNA&utm_campaign=yelp_api_v3&utm_medium=api_v3_business_lookup&utm_source=pX19ggnfgJJ4FZOQklOuNA,3.5,$,1600,200,1600,200,1600,200,1600,200,1600,200,1200,400,1200,200,1
40908961,MACAO RESTAURANT AND BAR,Manhattan,311,CHURCH STREET,10013,2124318642,40.71971332,-74.00415948,3,A,2020-03-03,https://s3-media2.fl.yelpcdn.com/bphoto/EY5hMnXAFZpZcISNvOEymQ/o.jpg,https://www.yelp.com/biz/macao-trading-company-new-york?adjust_creative=pX19ggnfgJJ4FZOQklOuNA&utm_campaign=yelp_api_v3&utm_medium=api_v3_business_lookup&utm_source=pX19ggnfgJJ4FZOQklOuNA,4.0,$$$,1700,0,1700,200,1700,200,1700,359,1700,359,1700,359,1700,0,1
50056941,CRUDO BAR,Manhattan,306,WEST   13 STREET,10014,6468961404,40.73921764,-74.00343899,12,A,2022-08-03,https://s3-media3.fl.yelpcdn.com/bphoto/cgPPQ_01TaMNKdPxTJaItQ/o.jpg,https://www.yelp.com/biz/bar-crudo-brooklyn-2?adjust_creative=pX19ggnfgJJ4FZOQklOuNA&utm_campaign=yelp_api_v3&utm_medium=api_v3_business_lookup&utm_source=pX19ggnfgJJ4FZOQklOuNA,4.5,$$$,1500,2200,1500,2200,1500,2200,1500,2200,1200,2300,1100,2300,1100,2200,1
40867037,WARREN HALL COFFEE BAR,Manhattan,1125,AMSTERDAM AVENUE,10025,2128548641,40.80634791,-73.96137789,9,A,2022-02-08,https://s3-media4.fl.yelpcdn.com/bphoto/6YtHG7HCo9TZFETz8tDggA/o.jpg,https://www.yelp.com/biz/the-dead-rabbit-new-york?adjust_creative=pX19ggnfgJJ4FZOQklOuNA&utm_campaign=yelp_api_v3&utm_medium=api_v3_business_lookup&utm_source=pX19ggnfgJJ4FZOQklOuNA,4.0,$$,1200,200,1200,200,1200,200,1200,200,1200,300,1200,300,1200,200,1
41017547,JEREMY'S ALE HOUSE,Manhattan,228,FRONT STREET,10038,2129643537,40.70754307,-74.00210641,11,A,2022-07-26,https://s3-media1.fl.yelpcdn.com/bphoto/LwapynKH3NwwfM9WzGATMA/o.jpg,https://www.yelp.com/biz/jeremys-ale-house-south-street-seaport-new-york?adjust_creative=pX19ggnfgJJ4FZOQklOuNA&utm_campaign=yelp_api_v3&utm_medium=api_v3_business_lookup&utm_source=pX19ggnfgJJ4FZOQklOuNA,4.0,$$,800,0,800,0,800,0,800,0,800,0,1000,0,1200,0,1
41697314,THIRD AVENUE ALE HOUSE,Manhattan,1644,3 AVENUE,10128,6465599131,40.78272544,-73.95114014,12,A,2019-10-01,https://s3-media1.fl.yelpcdn.com/bphoto/_qDL5IbxBarKIdzIUCaQHw/o.jpg,https://www.yelp.com/biz/third-avenue-ale-house-new-york?adjust_creative=pX19ggnfgJJ4FZOQklOuNA&utm_campaign=yelp_api_v3&utm_medium=api_v3_business_lookup&utm_source=pX19ggnfgJJ4FZOQklOuNA,3.5,$$,1400,200,1400,200,1400,200,1400,200,1200,200,1200,200,1200,200,1
40933757,THE WORLD BAR,Manhattan,845,UNITED NATIONS PLAZA,10017,2129359361,40.75197625,-73.9675381,5,A,2020-02-25,https://s3-media2.fl.yelpcdn.com/bphoto/D0uQzyvkSdCghtT-juUlbw/o.jpg,https://www.yelp.com/biz/world-bar-new-york?adjust_creative=pX19ggnfgJJ4FZOQklOuNA&utm_campaign=yelp_api_v3&utm_medium=api_v3_business_lookup&utm_source=pX19ggnfgJJ4FZOQklOuNA,3.0,$$,1700,0,1700,0,1700,0,1700,0,1700,0,1800,100,,,1
50040002,ST. PATRICK'S BAR AND GRILL,Manhattan,22,WEST   46 STREET,10036,2123911111,40.75641737,-73.97998518,27,B,2019-11-21,https://s3-media3.fl.yelpcdn.com/bphoto/XlXMaLMut82v_K15ech9zg/o.jpg,https://www.yelp.com/biz/st-pats-bar-and-grill-new-york?adjust_creative=pX19ggnfgJJ4FZOQklOuNA&utm_campaign=yelp_api_v3&utm_medium=api_v3_business_lookup&utm_source=pX19ggnfgJJ4FZOQklOuNA,3.5,$$,900,400,900,400,900,400,900,400,900,400,900,400,900,400,1
50080253,ZUTTO JAPANESE AMERICAN PUB,Manhattan,77,HUDSON STREET,10013,6462555410,40.71838184,-74.00887074,9,A,2020-03-03,https://s3-media2.fl.yelpcdn.com/bphoto/HdPn0W4LerbG5uiopp0m_g/o.jpg,https://www.yelp.com/biz/zutto-japanese-american-pub-new-york-2?adjust_creative=pX19ggnfgJJ4FZOQklOuNA&utm_campaign=yelp_api_v3&utm_medium=api_v3_business_lookup&utm_source=pX19ggnfgJJ4FZOQklOuNA,4.0,$$,1100,2200,1100,2200,1100,2200,1100,2200,1100,2300,1200,2300,1200,2200,1
40944804,BLAGGARD'S PUB,Manhattan,8,WEST   38 STREET,10018,2123822611,40.75120835,-73.98335418,13,A,2022-04-25,https://s3-media1.fl.yelpcdn.com/bphoto/Kmoc3szEt7DxkVI9WfxA2A/o.jpg,https://www.yelp.com/biz/blaggard-restaurant-manhattan?adjust_creative=pX19ggnfgJJ4FZOQklOuNA&utm_campaign=yelp_api_v3&utm_medium=api_v3_business_lookup&utm_source=pX19ggnfgJJ4FZOQklOuNA,3.0,$$,1100,200,1100,200,1100,300,1100,359,1100,359,1100,359,1200,2200,1
50051486,STATE GRILL AND BAR,Manhattan,350,5 AVENUE,10118,2122169693,40.7482689,-73.98469027,6,A,2022-05-18,https://s3-media2.fl.yelpcdn.com/bphoto/rVSgU-dr4bZJ88VhcfjYuA/o.jpg,https://www.yelp.com/biz/state-grill-and-bar-new-york?adjust_creative=pX19ggnfgJJ4FZOQklOuNA&utm_campaign=yelp_api_v3&utm_medium=api_v3_business_lookup&utm_source=pX19ggnfgJJ4FZOQklOuNA,4.0,$$$,1600,1900,1600,1900,1600,2100,1600,2100,1600,2100,1700,2100,,,1
50001225,THE FLYING COCK PUB,Manhattan,497,3 AVENUE,10016,2126896900,40.74538039,-73.97835367,7,A,2020-03-04,https://s3-media3.fl.yelpcdn.com/bphoto/LHs_MmXnjl4sVBdC0fxS4w/o.jpg,https://www.yelp.com/biz/the-flying-cock-new-york-2?adjust_creative=pX19ggnfgJJ4FZOQklOuNA&utm_campaign=yelp_api_v3&utm_medium=api_v3_business_lookup&utm_source=pX19ggnfgJJ4FZOQklOuNA,4.0,$$,,,1600,2300,1600,2300,1600,2300,1200,2300,1100,2300,1100,2200,1
50111156,CORK WINE BAR,Manhattan,69,THOMPSON STREET,10012,6466698169,40.72435201,-74.00307383,11,A,2022-02-14,https://s3-media2.fl.yelpcdn.com/bphoto/QyZ1CJMNqMC9myPwXiNp7A/o.jpg,https://www.yelp.com/biz/cork-new-york?adjust_creative=pX19ggnfgJJ4FZOQklOuNA&utm_campaign=yelp_api_v3&utm_medium=api_v3_business_lookup&utm_source=pX19ggnfgJJ4FZOQklOuNA,4.5,,1700,0,1700,0,1700,100,1700,100,1700,100,1400,100,1400,2300,1
40719059,PARK BAR,Manhattan,15,EAST   15 STREET,10003,2123679085,40.73649191,-73.99263517,6,A,2022-03-22,https://s3-media4.fl.yelpcdn.com/bphoto/0uPhGDf7Rt5zVpuZU1-dgg/o.jpg,https://www.yelp.com/biz/park-bar-new-york?adjust_creative=pX19ggnfgJJ4FZOQklOuNA&utm_campaign=yelp_api_v3&utm_medium=api_v3_business_lookup&utm_source=pX19ggnfgJJ4FZOQklOuNA,3.5,$$,1600,0,1600,0,1600,0,1600,400,1600,400,1600,200,,,1
50088751,BREAK BAR,Manhattan,458,9 AVENUE,10018,2129330929,40.75436046,-73.99557486,12,A,2022-06-08,https://s3-media3.fl.yelpcdn.com/bphoto/CBay3MkiIOfloMi7IoI3Jw/o.jpg,https://www.yelp.com/biz/break-bar-new-york?adjust_creative=pX19ggnfgJJ4FZOQklOuNA&utm_campaign=yelp_api_v3&utm_medium=api_v3_business_lookup&utm_source=pX19ggnfgJJ4FZOQklOuNA,4.5,$$,1600,0,1600,0,1600,0,1600,100,1600,100,1400,100,1400,0,1
40576150,FELICE 64 WINE BAR,Manhattan,1166,1 AVENUE,10065,2125932223,40.76263717,-73.95975002,3,A,2019-11-21,https://s3-media4.fl.yelpcdn.com/bphoto/f9qgrks1V4jX5SAzqSOQ8w/o.jpg,https://www.yelp.com/biz/felice-83-new-york?adjust_creative=pX19ggnfgJJ4FZOQklOuNA&utm_campaign=yelp_api_v3&utm_medium=api_v3_business_lookup&utm_source=pX19ggnfgJJ4FZOQklOuNA,3.5,$$$,1200,2200,1200,2200,1200,2230,1200,2230,1200,2230,1200,2230,1200,2200,1
41530127,INTERNATIONAL BAR,Manhattan,102,1 AVENUE,10009,2126774595,40.72652231,-73.98605186,2,A,2022-05-31,https://s3-media2.fl.yelpcdn.com/bphoto/NIZcplAhUmMGZVNrBA5gYQ/o.jpg,https://www.yelp.com/biz/international-bar-new-york-2?adjust_creative=pX19ggnfgJJ4FZOQklOuNA&utm_campaign=yelp_api_v3&utm_medium=api_v3_business_lookup&utm_source=pX19ggnfgJJ4FZOQklOuNA,3.5,$,800,400,800,400,800,400,800,400,800,400,800,400,1000,400,1
50090193,SIDE BAR,Manhattan,55,HUDSON YARDS,10001,2159134007,40.75543921,-74.00221983,5,A,2022-06-10,https://s3-media2.fl.yelpcdn.com/bphoto/0oC3VssQ0t1gSEEf9HWlmA/o.jpg,https://www.yelp.com/biz/b-side-pizza-and-wine-bar-new-york?adjust_creative=pX19ggnfgJJ4FZOQklOuNA&utm_campaign=yelp_api_v3&utm_medium=api_v3_business_lookup&utm_source=pX19ggnfgJJ4FZOQklOuNA,4.5,$$,,,1600,2300,1600,2300,1600,2300,1600,0,1600,0,1600,2300,1
41605861,PIER 25 SNACK BAR,Manhattan,225,WEST STREET,10013,9173024616,40.71996526,-74.01225483,10,A,2019-08-01,https://s3-media2.fl.yelpcdn.com/bphoto/yDrusUDVL_ZOnrMvGwh5HA/o.jpg,https://www.yelp.com/biz/pier-25-new-york?adjust_creative=pX19ggnfgJJ4FZOQklOuNA&utm_campaign=yelp_api_v3&utm_medium=api_v3_business_lookup&utm_source=pX19ggnfgJJ4FZOQklOuNA,4.5,,,,,,,,,,,,,,,,1
41667090,COOL FRESH JUICE BAR,Manhattan,2661,BROADWAY,10025,6465065554,40.79797884,-73.96936121,2,A,2021-08-10,https://s3-media4.fl.yelpcdn.com/bphoto/8LSpJ6mDWmRuT5mQqFFo6Q/o.jpg,https://www.yelp.com/biz/cool-fresh-juice-bar-new-york-2?adjust_creative=pX19ggnfgJJ4FZOQklOuNA&utm_campaign=yelp_api_v3&utm_medium=api_v3_business_lookup&utm_source=pX19ggnfgJJ4FZOQklOuNA,4.5,$,900,2000,900,2000,900,2000,900,2000,900,2000,930,2000,1000,1900,1
41687345,JACK DOYLES PUB & RESTAURANT,Manhattan,240,WEST   35 STREET,10001,2122681255,40.75216441,-73.9913774,11,A,2020-01-30,https://s3-media4.fl.yelpcdn.com/bphoto/Vvb1L1cqAjFRvQiQWmzZiw/o.jpg,https://www.yelp.com/biz/jack-doyles-bar-and-restaurant-new-york?adjust_creative=pX19ggnfgJJ4FZOQklOuNA&utm_campaign=yelp_api_v3&utm_medium=api_v3_business_lookup&utm_source=pX19ggnfgJJ4FZOQklOuNA,4.0,$$,1000,400,1000,400,1000,400,1000,400,1000,400,1000,400,1000,400,1
50000782,SOLACE BAR & GRILL,Manhattan,3496,BROADWAY,10031,2129260166,40.82498372,-73.95148838,12,A,2019-07-31,https://s3-media4.fl.yelpcdn.com/bphoto/UiwUGlGwNBj1t6ofyOGhJg/o.jpg,https://www.yelp.com/biz/solace-bar-and-grill-new-york-2?adjust_creative=pX19ggnfgJJ4FZOQklOuNA&utm_campaign=yelp_api_v3&utm_medium=api_v3_business_lookup&utm_source=pX19ggnfgJJ4FZOQklOuNA,3.5,$$,,,,,,,,,1700,2200,1700,2200,1800,2200,1
50066436,LIVE HEALTHY JUICE BAR,Manhattan,2372,AMSTERDAM AVENUE,10033,2129287575,40.84588905,-73.93252278,39,Z,2022-07-19,,https://www.yelp.com/biz/live-healthy-juice-bar-new-york?adjust_creative=pX19ggnfgJJ4FZOQklOuNA&utm_campaign=yelp_api_v3&utm_medium=api_v3_business_lookup&utm_source=pX19ggnfgJJ4FZOQklOuNA,5.0,,800,2100,800,2100,800,2100,800,2100,800,2100,800,2100,800,2100,1
40399852,HANGAR BAR,Manhattan,115,CHRISTOPHER STREET,10014,2126272044,40.73322026,-74.00539435,12,A,2019-10-29,https://s3-media2.fl.yelpcdn.com/bphoto/xBwpGDIIRyE_QLy7a5Be1g/o.jpg,https://www.yelp.com/biz/the-hangar-bar-new-york?adjust_creative=pX19ggnfgJJ4FZOQklOuNA&utm_campaign=yelp_api_v3&utm_medium=api_v3_business_lookup&utm_source=pX19ggnfgJJ4FZOQklOuNA,3.5,$,1500,400,1500,400,1500,400,1500,400,1500,400,1400,400,1300,400,1
50061031,WHITE & CASE COFFEE BAR & PANTRY,Manhattan,1221,AVENUE OF THE AMERICAS,10036,6468852175,40.75909387,-73.98213574,7,A,2022-07-07,https://s3-media3.fl.yelpcdn.com/bphoto/ezceEo2DkGLfJuBk-j1SHw/o.jpg,https://www.yelp.com/biz/devocion-brooklyn-12?adjust_creative=pX19ggnfgJJ4FZOQklOuNA&utm_campaign=yelp_api_v3&utm_medium=api_v3_business_lookup&utm_source=pX19ggnfgJJ4FZOQklOuNA,4.0,$,800,1900,800,1900,800,1900,800,1900,800,1900,800,1900,800,1900,1
41328516,SUTTON BAR ROOM,Manhattan,1074,1 AVENUE,10022,2129809850,40.7592647,-73.96221026,12,A,2022-03-22,https://s3-media3.fl.yelpcdn.com/bphoto/eJlbIc8-v3eHSAA_zfBkSQ/o.jpg,https://www.yelp.com/biz/sutton-bar-room-new-york?adjust_creative=pX19ggnfgJJ4FZOQklOuNA&utm_campaign=yelp_api_v3&utm_medium=api_v3_business_lookup&utm_source=pX19ggnfgJJ4FZOQklOuNA,4.5,$$,1600,400,1600,400,1600,400,1600,400,1600,400,1200,400,1200,400,1
50033014,CROMPTON ALE HOUSE,Manhattan,159,WEST   26 STREET,10001,2126580089,40.74548652,-73.99303115,9,A,2021-08-26,https://s3-media2.fl.yelpcdn.com/bphoto/fwpd9IdRIYqmmzp4Nl-h5A/o.jpg,https://www.yelp.com/biz/crompton-ale-house-new-york?adjust_creative=pX19ggnfgJJ4FZOQklOuNA&utm_campaign=yelp_api_v3&utm_medium=api_v3_business_lookup&utm_source=pX19ggnfgJJ4FZOQklOuNA,4.0,$$,1100,200,1100,200,1100,200,1100,200,1100,200,1100,200,1100,200,1
50001643,MAMASITA BAR,Manhattan,818,10 AVENUE,10019,2123159444,40.76741691,-73.98977974,13,A,2022-08-04,https://s3-media3.fl.yelpcdn.com/bphoto/f3Gcpda9NsCVVUKTh1b1ng/o.jpg,https://www.yelp.com/biz/mamasita-bar-and-grill-new-york?adjust_creative=pX19ggnfgJJ4FZOQklOuNA&utm_campaign=yelp_api_v3&utm_medium=api_v3_business_lookup&utm_source=pX19ggnfgJJ4FZOQklOuNA,4.0,$$$,1130,2300,1130,2300,1130,2230,1130,2330,1130,0,1130,0,1130,2300,1
50077824,HARLEM ALE HOUSE,Manhattan,101,WEST  127 STREET,10027,3476410850,40.80926988,-73.94499755,12,A,2019-09-11,https://s3-media1.fl.yelpcdn.com/bphoto/A3ckzsCk5DOdF2rZd4QCgw/o.jpg,https://www.yelp.com/biz/harlem-ale-house-new-york-2?adjust_creative=pX19ggnfgJJ4FZOQklOuNA&utm_campaign=yelp_api_v3&utm_medium=api_v3_business_lookup&utm_source=pX19ggnfgJJ4FZOQklOuNA,4.5,$$,,,,,1600,2300,1500,2300,1500,2300,1500,2300,,,1
50076081,MUSES 35 BAR & KARAOKE,Manhattan,248,WEST   35 STREET,10001,6466698050,40.75223304,-73.99153981,2,A,2022-01-18,https://s3-media3.fl.yelpcdn.com/bphoto/by0H42IKgvpbpv1j0ORVXg/o.jpg,https://www.yelp.com/biz/gagopa-karaoke-new-york?adjust_creative=pX19ggnfgJJ4FZOQklOuNA&utm_campaign=yelp_api_v3&utm_medium=api_v3_business_lookup&utm_source=pX19ggnfgJJ4FZOQklOuNA,4.0,$,1830,400,1830,400,1830,400,1830,400,1800,400,1800,400,1900,400,1
41183237,809 GRILL & BAR RESTAURANT,Manhattan,112,DYCKMAN STREET,10040,2123043800,40.86201245,-73.92502273,10,A,2019-04-25,https://s3-media2.fl.yelpcdn.com/bphoto/0rEd4Fzw2TA8uFcZZ7ebvw/o.jpg,https://www.yelp.com/biz/republica-new-york-2?adjust_creative=pX19ggnfgJJ4FZOQklOuNA&utm_campaign=yelp_api_v3&utm_medium=api_v3_business_lookup&utm_source=pX19ggnfgJJ4FZOQklOuNA,2.5,$$,1600,0,1600,0,1600,0,1600,0,1600,0,1400,400,1300,400,1
41211246,SUNBURST ESPRESSO BAR,Manhattan,206,3 AVENUE,10003,2126741702,40.73587363,-73.98530656,8,A,2020-02-12,https://s3-media1.fl.yelpcdn.com/bphoto/AQLzb65fxaZTt9E2cSOE8w/o.jpg,https://www.yelp.com/biz/sunburst-espresso-bar-new-york?adjust_creative=pX19ggnfgJJ4FZOQklOuNA&utm_campaign=yelp_api_v3&utm_medium=api_v3_business_lookup&utm_source=pX19ggnfgJJ4FZOQklOuNA,3.5,$,,,,,,,,,,,,,,,1
50075683,PRIMO'S BAR,Manhattan,95,WEST BROADWAY,10013,9175123432,40.71558215,-74.00916616,12,A,2022-06-22,https://s3-media4.fl.yelpcdn.com/bphoto/Sa6zE-OtpnutVI_ySVXJZA/o.jpg,https://www.yelp.com/biz/bar-primi-new-york-3?adjust_creative=pX19ggnfgJJ4FZOQklOuNA&utm_campaign=yelp_api_v3&utm_medium=api_v3_business_lookup&utm_source=pX19ggnfgJJ4FZOQklOuNA,3.5,$$,1200,2200,1200,2200,1200,2300,1200,2300,1200,2300,1700,2300,1700,2200,1
41380930,INATESSO PIZZA BAR CASANO,Manhattan,28,WEST STREET,10006,2122678000,40.70695185,-74.01594582,2,A,2022-04-12,https://s3-media2.fl.yelpcdn.com/bphoto/nnAk1txBE_-5EDggdBMbSQ/o.jpg,https://www.yelp.com/biz/inatteso-pizzabar-new-york?adjust_creative=pX19ggnfgJJ4FZOQklOuNA&utm_campaign=yelp_api_v3&utm_medium=api_v3_business_lookup&utm_source=pX19ggnfgJJ4FZOQklOuNA,4.0,$$,1600,2200,1200,2200,1200,2200,1200,2200,1200,2200,1200,2200,1200,2200,1
50059434,MILK BAR WEST VILLAGE,Manhattan,74,CHRISTOPHER STREET,10014,3472425762,40.73351952,-74.00338457,8,A,2019-07-30,https://s3-media4.fl.yelpcdn.com/bphoto/nH4HIgTF_7V4BBdW6ec8SA/o.jpg,https://www.yelp.com/biz/milk-bar-west-village-new-york-2?adjust_creative=pX19ggnfgJJ4FZOQklOuNA&utm_campaign=yelp_api_v3&utm_medium=api_v3_business_lookup&utm_source=pX19ggnfgJJ4FZOQklOuNA,3.5,$$,1000,2300,1000,2300,1000,0,1000,0,1000,100,1000,100,1000,2300,1
40388578,DIVE BAR,Manhattan,732,AMSTERDAM AVENUE,10025,2127494358,40.79383183,-73.97053688,10,A,2019-11-25,https://s3-media3.fl.yelpcdn.com/bphoto/a95NgrsukXWY47GTJEFrqQ/o.jpg,https://www.yelp.com/biz/the-library-new-york?adjust_creative=pX19ggnfgJJ4FZOQklOuNA&utm_campaign=yelp_api_v3&utm_medium=api_v3_business_lookup&utm_source=pX19ggnfgJJ4FZOQklOuNA,4.0,$,1200,400,1200,400,1200,400,1200,400,1200,400,1200,400,1200,400,1
50095918,CASA TUYA BAR & KITCHEN,Manhattan,25,SHERMAN AVENUE,10040,6463704184,40.86264594,-73.92846741,12,A,2020-03-04,https://s3-media1.fl.yelpcdn.com/bphoto/hENjo5nQndSN0p6SEtADbw/o.jpg,https://www.yelp.com/biz/casa-maya-gillette-2?adjust_creative=pX19ggnfgJJ4FZOQklOuNA&utm_campaign=yelp_api_v3&utm_medium=api_v3_business_lookup&utm_source=pX19ggnfgJJ4FZOQklOuNA,3.5,$$,1700,2100,1700,2100,1700,2100,1700,2100,1130,2200,1130,2200,1200,2100,1
50059584,Carmine Street Beer,Manhattan,52,CARMINE STREET,10014,2126332337,40.72995131,-74.00360448,8,A,2022-05-12,https://s3-media3.fl.yelpcdn.com/bphoto/JXEoX6Gj7OMLr7ktpLoNyw/o.jpg,https://www.yelp.com/biz/carmine-street-beers-new-york-2?adjust_creative=pX19ggnfgJJ4FZOQklOuNA&utm_campaign=yelp_api_v3&utm_medium=api_v3_business_lookup&utm_source=pX19ggnfgJJ4FZOQklOuNA,4.0,$$,1130,2200,1130,2200,1130,2200,1130,2200,1130,2200,1130,2200,1200,2000,1
40401895,JOHNNY'S BAR,Manhattan,90,GREENWICH AVENUE,10011,2127415279,40.73773825,-74.00179704,5,A,2022-01-05,https://s3-media4.fl.yelpcdn.com/bphoto/zD04mi0wg69M7pIjhzCN8A/o.jpg,https://www.yelp.com/biz/johnnys-bar-new-york?adjust_creative=pX19ggnfgJJ4FZOQklOuNA&utm_campaign=yelp_api_v3&utm_medium=api_v3_business_lookup&utm_source=pX19ggnfgJJ4FZOQklOuNA,4.0,$,1200,400,1200,400,1200,400,1200,400,1200,400,1200,400,1200,400,1
41585053,REGGAE SUN DELIGHTS NATURAL JUICE BAR,Manhattan,227229,WEST 145 STREET,,6463689725,0.0,0.0,7,A,2020-01-09,https://s3-media4.fl.yelpcdn.com/bphoto/S0I359Os6hJ24F9wzeR8mg/o.jpg,https://www.yelp.com/biz/the-simpson-restaurant-and-bar-brooklyn?adjust_creative=pX19ggnfgJJ4FZOQklOuNA&utm_campaign=yelp_api_v3&utm_medium=api_v3_business_lookup&utm_source=pX19ggnfgJJ4FZOQklOuNA,4.0,,1100,2200,1100,2200,1100,2200,1100,2300,1100,2300,1100,2300,1100,2300,1
40365525,DONUT PUB,Manhattan,203,WEST   14 STREET,10011,2129290126,40.73874834,-74.00014434,26,B,2022-06-23,https://s3-media1.fl.yelpcdn.com/bphoto/yXdJNvLgpUc_11UJDW7nxQ/o.jpg,https://www.yelp.com/biz/the-donut-pub-new-york?adjust_creative=pX19ggnfgJJ4FZOQklOuNA&utm_campaign=yelp_api_v3&utm_medium=api_v3_business_lookup&utm_source=pX19ggnfgJJ4FZOQklOuNA,4.0,$$,0,0,0,0,0,0,0,0,0,0,0,0,0,0,1
41509909,BILL'S BAR & BURGER ROCKEFELLER CENTER,Manhattan,45,ROCKEFELLER CENTER,10111,2127058510,40.75926055,-73.97784378,7,A,2019-04-29,https://s3-media3.fl.yelpcdn.com/bphoto/-lK_eGupnMYEgWruK2mu6Q/o.jpg,https://www.yelp.com/biz/bills-bar-and-burger-downtown-new-york?adjust_creative=pX19ggnfgJJ4FZOQklOuNA&utm_campaign=yelp_api_v3&utm_medium=api_v3_business_lookup&utm_source=pX19ggnfgJJ4FZOQklOuNA,3.5,$$,700,2200,700,2200,700,2200,700,2200,700,2300,700,2300,700,2200,1
40998586,TRUMP BAR,Manhattan,725,5 AVENUE,10022,2127157290,40.76250136,-73.97428699,8,A,2022-03-29,https://s3-media2.fl.yelpcdn.com/bphoto/8q0bHnlQ8Sqnvh6z59Ht0A/o.jpg,https://www.yelp.com/biz/the-trump-bar-new-york?adjust_creative=pX19ggnfgJJ4FZOQklOuNA&utm_campaign=yelp_api_v3&utm_medium=api_v3_business_lookup&utm_source=pX19ggnfgJJ4FZOQklOuNA,3.5,$$$,1130,1600,1130,1600,1130,1600,1130,1600,1130,1600,1130,1600,1130,1600,1
50101896,Amores Cafe and Salad Juice Bar,Manhattan,5025,BROADWAY,10034,3473403235,40.86938998,-73.91661515,5,A,2020-03-06,https://s3-media2.fl.yelpcdn.com/bphoto/ZbJxx7Rl8fUH7Pg4GU2p3g/o.jpg,https://www.yelp.com/biz/da-andrea-new-york?adjust_creative=pX19ggnfgJJ4FZOQklOuNA&utm_campaign=yelp_api_v3&utm_medium=api_v3_business_lookup&utm_source=pX19ggnfgJJ4FZOQklOuNA,4.5,$$,1130,2200,1130,2200,1130,2200,1130,2200,1130,2300,1100,2300,1100,2200,1
41574266,MOMOFUKU MILK BAR,Manhattan,251,EAST   13 STREET,10003,3475779504,40.73212444,-73.9865414,13,A,2022-07-26,https://s3-media4.fl.yelpcdn.com/bphoto/2xYDsaWyFxdCNyY1z5pVRQ/o.jpg,https://www.yelp.com/biz/milk-bar-east-village-new-york-2?adjust_creative=pX19ggnfgJJ4FZOQklOuNA&utm_campaign=yelp_api_v3&utm_medium=api_v3_business_lookup&utm_source=pX19ggnfgJJ4FZOQklOuNA,3.5,$$,1100,0,1100,0,1100,0,1100,0,1100,30,1100,30,1100,0,1
50063282,BOND 45 ITALIAN KITCHEN AND BAR,Manhattan,221,WEST   46 STREET,10036,2128694545,40.75901756,-73.98609195,7,A,2020-01-15,https://s3-media3.fl.yelpcdn.com/bphoto/eUTdsZpTQhROG2acKpyj7g/o.jpg,https://www.yelp.com/biz/bar-pitti-new-york?adjust_creative=pX19ggnfgJJ4FZOQklOuNA&utm_campaign=yelp_api_v3&utm_medium=api_v3_business_lookup&utm_source=pX19ggnfgJJ4FZOQklOuNA,3.5,$$,1200,2200,1200,2330,1200,2330,1200,2330,1200,0,1200,0,1200,2330,1
50064720,SANT AMBROEUS COFFEE BAR,Manhattan,1136,3 AVENUE,10065,6463055813,40.76615712,-73.96322798,8,A,2022-07-06,https://s3-media3.fl.yelpcdn.com/bphoto/mIy788ustWMTv3Vgsm17Pg/o.jpg,https://www.yelp.com/biz/sant-ambroeus-coffee-bar-at-loews-regency-hotel-new-york-3?adjust_creative=pX19ggnfgJJ4FZOQklOuNA&utm_campaign=yelp_api_v3&utm_medium=api_v3_business_lookup&utm_source=pX19ggnfgJJ4FZOQklOuNA,4.0,$$,700,1900,700,1900,700,1900,700,1900,700,1900,700,1900,700,1900,1
50084143,ENJOY KITCHEN & BAR,Manhattan,582,WEST  207 STREET,10034,6463989321,40.86693088,-73.92073635,10,A,2019-07-10,https://s3-media3.fl.yelpcdn.com/bphoto/PhJHgMSHo0S56QzzvLJpWg/o.jpg,https://www.yelp.com/biz/the-bar-room-new-york-7?adjust_creative=pX19ggnfgJJ4FZOQklOuNA&utm_campaign=yelp_api_v3&utm_medium=api_v3_business_lookup&utm_source=pX19ggnfgJJ4FZOQklOuNA,3.5,$$$,700,2200,700,2300,700,2300,700,2300,700,2300,700,2300,700,2200,1
41645425,NEW YORK BEER COMPANY,Manhattan,321,WEST   44 STREET,10036,2122452337,40.75888344,-73.98966915,13,A,2019-07-16,https://s3-media2.fl.yelpcdn.com/bphoto/K9GrZ9FgDuvl1hkeh3o73Q/o.jpg,https://www.yelp.com/biz/the-new-york-beer-company-new-york?adjust_creative=pX19ggnfgJJ4FZOQklOuNA&utm_campaign=yelp_api_v3&utm_medium=api_v3_business_lookup&utm_source=pX19ggnfgJJ4FZOQklOuNA,4.0,$$,,,,,,,,,,,,,,,1
50087890,LOBBY BAR,Manhattan,701,7 AVENUE,10036,6469431582,40.75928635,-73.98454334,12,A,2019-04-18,https://s3-media2.fl.yelpcdn.com/bphoto/RXZ97ZpFl0aNdFQ_MteL5g/o.jpg,https://www.yelp.com/biz/lobby-bar-new-york-2?adjust_creative=pX19ggnfgJJ4FZOQklOuNA&utm_campaign=yelp_api_v3&utm_medium=api_v3_business_lookup&utm_source=pX19ggnfgJJ4FZOQklOuNA,5.0,,1700,2300,1700,2300,1700,2300,1700,2300,1700,2300,1700,2300,1700,2300,1
40722206,BLUE & GOLD BAR,Manhattan,79,EAST    7 STREET,10003,2127771006,40.7272909,-73.98648826,13,A,2022-03-22,https://s3-media2.fl.yelpcdn.com/bphoto/lSjuweZTwwCkXXqKU944_g/o.jpg,https://www.yelp.com/biz/blue-and-gold-tavern-new-york?adjust_creative=pX19ggnfgJJ4FZOQklOuNA&utm_campaign=yelp_api_v3&utm_medium=api_v3_business_lookup&utm_source=pX19ggnfgJJ4FZOQklOuNA,3.5,$,1630,400,1630,400,1600,400,1600,400,1600,400,1600,400,1630,400,1
40677553,MERCURY BAR,Manhattan,659,9 AVENUE,10036,2122627755,40.76081311,-73.99089978,13,A,2021-07-22,https://s3-media1.fl.yelpcdn.com/bphoto/u22nndvppLP8_pEANm721Q/o.jpg,https://www.yelp.com/biz/mercury-bar-new-york-8?adjust_creative=pX19ggnfgJJ4FZOQklOuNA&utm_campaign=yelp_api_v3&utm_medium=api_v3_business_lookup&utm_source=pX19ggnfgJJ4FZOQklOuNA,4.0,$$,1100,0,1100,0,1100,0,1100,0,1100,200,1000,200,1000,0,1
50001622,EARL'S BEER & CHEESE,Manhattan,1259,PARK AVENUE,10029,2122891581,40.78743575,-73.95189141,10,A,2022-06-02,https://s3-media4.fl.yelpcdn.com/bphoto/AoDHcGc8V6dejm-awIPZPA/o.jpg,https://www.yelp.com/biz/earls-beer-and-cheese-new-york?adjust_creative=pX19ggnfgJJ4FZOQklOuNA&utm_campaign=yelp_api_v3&utm_medium=api_v3_business_lookup&utm_source=pX19ggnfgJJ4FZOQklOuNA,4.5,$$,1600,0,1100,0,1100,0,1100,0,1100,200,1100,200,1100,1600,1
41455044,MR. BIGGS BAR AND GRILL,Manhattan,596,10 AVENUE,10036,2122462030,40.76038518,-73.99490305,13,A,2022-04-18,https://s3-media2.fl.yelpcdn.com/bphoto/9MI1BqccIfnx4TWjozwTuQ/o.jpg,https://www.yelp.com/biz/mr-biggs-bar-and-grill-new-york?adjust_creative=pX19ggnfgJJ4FZOQklOuNA&utm_campaign=yelp_api_v3&utm_medium=api_v3_business_lookup&utm_source=pX19ggnfgJJ4FZOQklOuNA,3.0,$$,1200,0,1200,0,1200,0,1200,0,1200,1300,1200,1600,1200,400,1
41700209,LATITUDE BAR & GRILL,Manhattan,783,8 AVENUE,10036,2122453034,40.76080727,-73.98718895,14,B,2019-09-12,https://s3-media1.fl.yelpcdn.com/bphoto/_PnUEepOaFbMIpGOq2r4iQ/o.jpg,https://www.yelp.com/biz/latitude-bar-and-grill-new-york?adjust_creative=pX19ggnfgJJ4FZOQklOuNA&utm_campaign=yelp_api_v3&utm_medium=api_v3_business_lookup&utm_source=pX19ggnfgJJ4FZOQklOuNA,3.5,$$,,,1600,0,1600,0,1600,300,1600,300,1600,300,,,1
50110467,SNACK BAR,Manhattan,679,RIVERSIDE DRIVE,10031,9145575042,40.82711109,-73.95196018,22,B,2022-05-18,https://s3-media3.fl.yelpcdn.com/bphoto/53Rw0soSHFMXkPvUamuPwg/o.jpg,https://www.yelp.com/biz/the-belfry-new-york?adjust_creative=pX19ggnfgJJ4FZOQklOuNA&utm_campaign=yelp_api_v3&utm_medium=api_v3_business_lookup&utm_source=pX19ggnfgJJ4FZOQklOuNA,4.0,$$,1700,200,1700,200,1700,200,1700,200,1700,200,1700,200,1700,200,1
40382802,PARNELL'S PUB,Manhattan,350,EAST   53 STREET,10022,2127531761,40.7562384,-73.96595866,10,A,2021-08-05,https://s3-media2.fl.yelpcdn.com/bphoto/DraMqGHbJr_syo4k_996Hg/o.jpg,https://www.yelp.com/biz/parnells-pub-and-restaurant-new-york?adjust_creative=pX19ggnfgJJ4FZOQklOuNA&utm_campaign=yelp_api_v3&utm_medium=api_v3_business_lookup&utm_source=pX19ggnfgJJ4FZOQklOuNA,3.5,$$,1100,200,1100,200,1100,200,1100,200,1100,200,1100,200,1100,200,1
50006582,E'S BAR,Manhattan,511,AMSTERDAM AVENUE,10024,2128770961,40.78669944,-73.97571486,10,A,2019-06-01,https://s3-media2.fl.yelpcdn.com/bphoto/s_n3rI6L-ga4FhZimQPOPA/o.jpg,https://www.yelp.com/biz/es-bar-new-york?adjust_creative=pX19ggnfgJJ4FZOQklOuNA&utm_campaign=yelp_api_v3&utm_medium=api_v3_business_lookup&utm_source=pX19ggnfgJJ4FZOQklOuNA,4.0,$$,1700,2300,1700,0,1700,0,1600,200,1400,200,1200,200,1200,2300,1
50099828,MILK BAR,Manhattan,235,WEST   57 STREET,10019,2128435100,40.76631254,-73.98190275,4,A,2020-03-10,https://s3-media3.fl.yelpcdn.com/bphoto/9OTH_QJTXK0LVuW9vJ5h3Q/o.jpg,https://www.yelp.com/biz/milk-bar-new-york-11?adjust_creative=pX19ggnfgJJ4FZOQklOuNA&utm_campaign=yelp_api_v3&utm_medium=api_v3_business_lookup&utm_source=pX19ggnfgJJ4FZOQklOuNA,3.5,$$,900,100,900,100,900,100,900,100,900,100,900,100,900,100,1
50099834,NORDSTROM SHOE BAR,Manhattan,225,WEST   57 STREET,10019,2122952000,40.76606542,-73.98131799,4,A,2020-02-26,https://s3-media4.fl.yelpcdn.com/bphoto/oDYB7iyqIjyvdf-azrvkRQ/o.jpg,https://www.yelp.com/biz/dsw-designer-shoe-warehouse-new-york?adjust_creative=pX19ggnfgJJ4FZOQklOuNA&utm_campaign=yelp_api_v3&utm_medium=api_v3_business_lookup&utm_source=pX19ggnfgJJ4FZOQklOuNA,3.5,$$,900,2100,900,2100,900,2100,900,2100,900,2100,900,2100,1000,2000,1
50036394,BROWN SUGAR BAR & RESTAURANT,Manhattan,5060,BROADWAY,10034,6466883504,40.86991909,-73.91575394,10,A,2019-10-30,https://s3-media1.fl.yelpcdn.com/bphoto/NSAqPzU9J4zMtuznKFxnIQ/o.jpg,https://www.yelp.com/biz/brown-sugar-restaurant-new-york?adjust_creative=pX19ggnfgJJ4FZOQklOuNA&utm_campaign=yelp_api_v3&utm_medium=api_v3_business_lookup&utm_source=pX19ggnfgJJ4FZOQklOuNA,3.5,$$$,1600,200,1600,200,1600,200,1600,200,1600,200,1200,0,1200,0,1
50101452,SMOOTHIE JUICE BAR,Manhattan,1111,AVENUE OF THE AMERICAS,10036,7043285090,40.75522126,-73.98384767,12,A,2022-08-03,https://s3-media4.fl.yelpcdn.com/bphoto/Gq0rf_eFgdLlsIVqv8ALRg/o.jpg,https://www.yelp.com/biz/madhufalla-organic-juice-and-smoothie-bar-new-york?adjust_creative=pX19ggnfgJJ4FZOQklOuNA&utm_campaign=yelp_api_v3&utm_medium=api_v3_business_lookup&utm_source=pX19ggnfgJJ4FZOQklOuNA,4.5,$$,800,2200,800,2200,800,2200,800,2200,800,2200,1000,2200,1000,2200,1
50050253,JONES DAY CAFE & COFFEE BAR,Manhattan,250,VESEY STREET,10281,2129017027,40.71452196,-74.0156771,11,A,2022-04-15,https://s3-media2.fl.yelpcdn.com/bphoto/h2uyvOZ3dCMhdxUC_2oeig/o.jpg,https://www.yelp.com/biz/la-colombe-coffee-new-york-2?adjust_creative=pX19ggnfgJJ4FZOQklOuNA&utm_campaign=yelp_api_v3&utm_medium=api_v3_business_lookup&utm_source=pX19ggnfgJJ4FZOQklOuNA,4.5,$$,730,1830,730,1830,730,1830,730,1830,730,1830,730,1830,730,1830,1
50100341,JORDAN JUICE AND SALAD BAR,Manhattan,4462,BROADWAY,10040,6468691563,40.85692287,-73.93250793,13,A,2020-01-09,https://s3-media2.fl.yelpcdn.com/bphoto/lsEG8RJTLwxEB46wEQDhYQ/o.jpg,https://www.yelp.com/biz/jordans-juice-and-salad-bar-new-york?adjust_creative=pX19ggnfgJJ4FZOQklOuNA&utm_campaign=yelp_api_v3&utm_medium=api_v3_business_lookup&utm_source=pX19ggnfgJJ4FZOQklOuNA,3.0,,800,2300,800,2300,800,2300,800,2300,800,2300,800,2300,1030,2200,1
41112524,ADRIENNE'S PIZZA BAR,Manhattan,54,STONE STREET,10004,2122483838,40.70440261,-74.01021056,22,Z,2022-08-09,https://s3-media4.fl.yelpcdn.com/bphoto/F0Afra-EmvtsXfOfHY3O_Q/o.jpg,https://www.yelp.com/biz/adriennes-pizzabar-new-york?adjust_creative=pX19ggnfgJJ4FZOQklOuNA&utm_campaign=yelp_api_v3&utm_medium=api_v3_business_lookup&utm_source=pX19ggnfgJJ4FZOQklOuNA,4.0,$$,1130,2300,1130,2300,1130,2300,1130,0,1130,0,1130,0,1130,2200,1
41497832,INWOOD LOCAL WINE BAR & BEER GARDEN,Manhattan,4957,BROADWAY,10034,2125448900,40.8679352,-73.92038444,9,A,2019-11-06,https://s3-media3.fl.yelpcdn.com/bphoto/IdW7hYA-KPWjEU28pS3Mrg/o.jpg,https://www.yelp.com/biz/whiskey-tavern-new-york?adjust_creative=pX19ggnfgJJ4FZOQklOuNA&utm_campaign=yelp_api_v3&utm_medium=api_v3_business_lookup&utm_source=pX19ggnfgJJ4FZOQklOuNA,4.5,$$,1200,200,1200,200,1200,200,1200,200,1200,400,1200,400,1200,200,1
40367189,BROOME STREET BAR,Manhattan,363,WEST BROADWAY,10013,2129252086,40.72311686,-74.00312428,10,A,2022-01-13,https://s3-media2.fl.yelpcdn.com/bphoto/VC8NrI7Cmb4VFM4Euf0Tyw/o.jpg,https://www.yelp.com/biz/broome-street-bar-new-york-3?adjust_creative=pX19ggnfgJJ4FZOQklOuNA&utm_campaign=yelp_api_v3&utm_medium=api_v3_business_lookup&utm_source=pX19ggnfgJJ4FZOQklOuNA,3.5,$$,1100,130,1100,130,1100,130,1100,130,1100,230,1100,230,1100,130,1
50073673,TANOSHI SUSHI SAKE BAR,Manhattan,1372,YORK AVENUE,10021,9172658254,40.76766854,-73.95313319,9,A,2020-03-13,https://s3-media3.fl.yelpcdn.com/bphoto/9Lq02-rtpaTJh_gnGfoSJw/o.jpg,https://www.yelp.com/biz/tanoshi-sushi-sake-bar-new-york?adjust_creative=pX19ggnfgJJ4FZOQklOuNA&utm_campaign=yelp_api_v3&utm_medium=api_v3_business_lookup&utm_source=pX19ggnfgJJ4FZOQklOuNA,4.5,$$$$,1800,2200,1800,2200,1800,2200,1800,2200,1800,2200,1800,2200,1800,2200,1
41254923,AYZA CAFE & WINE BAR,Manhattan,11,WEST   31 STREET,10001,2127142992,40.74683089,-73.98664308,11,A,2022-04-20,https://s3-media4.fl.yelpcdn.com/bphoto/NBmSmFpDQudnoawfw8pdrw/o.jpg,https://www.yelp.com/biz/ayza-wine-and-chocolate-bar-new-york-6?adjust_creative=pX19ggnfgJJ4FZOQklOuNA&utm_campaign=yelp_api_v3&utm_medium=api_v3_business_lookup&utm_source=pX19ggnfgJJ4FZOQklOuNA,4.0,$$,1600,2300,1600,2300,1600,2300,1600,2300,1600,0,1100,0,1100,2300,1
41607653,OBICA MOZZARELLA BAR,Manhattan,590,MADISON AVENUE,10022,2123552217,40.76213864,-73.97247861,8,Z,2022-03-16,https://s3-media2.fl.yelpcdn.com/bphoto/vNocRV3sHNc_QpdRXXNYBQ/o.jpg,https://www.yelp.com/biz/obic%C3%A0-mozzarella-bar-pizza-e-cucina-new-york-6?adjust_creative=pX19ggnfgJJ4FZOQklOuNA&utm_campaign=yelp_api_v3&utm_medium=api_v3_business_lookup&utm_source=pX19ggnfgJJ4FZOQklOuNA,3.5,$$,1200,2100,1200,2100,1200,2100,1200,2100,1200,2130,1200,2130,1200,2000,1
50109949,LANGOS BAR,Manhattan,137,RIVINGTON STREET,10002,3474210062,40.71946281,-73.98637441,12,A,2022-06-07,https://s3-media2.fl.yelpcdn.com/bphoto/-kvzTcrqyXse9nqPdxqveg/o.jpg,https://www.yelp.com/biz/langos-bar-new-york?adjust_creative=pX19ggnfgJJ4FZOQklOuNA&utm_campaign=yelp_api_v3&utm_medium=api_v3_business_lookup&utm_source=pX19ggnfgJJ4FZOQklOuNA,4.0,,,,,,,,,,,,,,,,1
41331076,55 BAR,Manhattan,55,CHRISTOPHER STREET,10014,2129299883,40.73371168,-74.00218302,13,A,2019-05-14,https://s3-media3.fl.yelpcdn.com/bphoto/0JF5nBRJPdxKALlCwM9kaA/o.jpg,https://www.yelp.com/biz/sky-55-bar-and-grill-new-york?adjust_creative=pX19ggnfgJJ4FZOQklOuNA&utm_campaign=yelp_api_v3&utm_medium=api_v3_business_lookup&utm_source=pX19ggnfgJJ4FZOQklOuNA,4.5,$$,1130,2200,1130,2200,1130,2200,1130,2230,1130,2200,,,,,1
